{
  "formatVersion": 1,
  "database": {
    "version": 1,
    "identityHash": "75a4162ff5314f0f8cfd842d34648541",
    "entities": [
      {
        "tableName": "notes",
        "createSql": "CREATE TABLE IF NOT EXISTS `${TABLE_NAME}` (`dateAdded` INTEGER NOT NULL, `noteText` TEXT NOT NULL, PRIMARY KEY(`dateAdded`))",
        "fields": [
          {
            "fieldPath": "dateAdded",
            "columnName": "dateAdded",
            "affinity": "INTEGER",
            "notNull": true
          },
          {
            "fieldPath": "noteText",
            "columnName": "noteText",
            "affinity": "TEXT",
            "notNull": true
          }
        ],
        "primaryKey": {
          "columnNames": [
            "dateAdded"
          ],
          "autoGenerate": false
        },
        "indices": [],
        "foreignKeys": []
      }
    ],
    "views": [],
    "setupQueries": [
      "CREATE TABLE IF NOT EXISTS room_master_table (id INTEGER PRIMARY KEY,identity_hash TEXT)",
      "INSERT OR REPLACE INTO room_master_table (id,identity_hash) VALUES(42, '75a4162ff5314f0f8cfd842d34648541')"
    ]
  }
}